DATE,VALUE
1833-01-15,18.930
1833-02-15,18.930
1833-03-15,18.930
1833-04-15,18.930
1833-05-15,18.930
1833-06-15,18.930
1833-07-15,18.930
1833-08-15,18.930
1833-09-15,18.930
1833-10-15,18.930
1833-11-15,18.930
1833-12-15,18.930
1834-01-15,18.930
1834-02-15,18.930
1834-03-15,18.930
1834-04-15,18.930
1834-05-15,18.930
1834-06-15,18.930
1834-07-15,18.930
1834-08-15,18.930
1834-09-15,18.930
1834-10-15,18.930
1834-11-15,18.930
1834-12-15,18.930
1835-01-15,18.930
1835-02-15,18.930
1835-03-15,18.930
1835-04-15,18.930
1835-05-15,18.930
1835-06-15,18.930
1835-07-15,18.930
1835-08-15,18.930
1835-09-15,18.930
1835-10-15,18.930
1835-11-15,18.930
1835-12-15,18.930
1836-01-15,18.930
1836-02-15,18.930
1836-03-15,18.930
1836-04-15,18.930
1836-05-15,18.930
1836-06-15,18.930
1836-07-15,18.930
1836-08-15,18.930
1836-09-15,18.930
1836-10-15,18.930
1836-11-15,18.930
1836-12-15,18.930
1837-01-15,18.930
1837-02-15,18.930
1837-03-15,18.930
1837-04-15,18.930
1837-05-15,18.930
1837-06-15,18.930
1837-07-15,18.930
1837-08-15,18.930
1837-09-15,18.930
1837-10-15,18.930
1837-11-15,18.930
1837-12-15,18.930
1838-01-15,18.930
1838-02-15,18.930
1838-03-15,18.930
1838-04-15,18.930
1838-05-15,18.930
1838-06-15,18.930
1838-07-15,18.930
1838-08-15,18.930
1838-09-15,18.930
1838-10-15,18.930
1838-11-15,18.930
1838-12-15,18.930
1839-01-15,18.930
1839-02-15,18.930
1839-03-15,18.930
1839-04-15,18.930
1839-05-15,18.930
1839-06-15,18.930
1839-07-15,18.930
1839-08-15,18.930
1839-09-15,18.930
1839-10-15,18.930
1839-11-15,18.930
1839-12-15,18.930
1840-01-15,18.930
1840-02-15,18.930
1840-03-15,18.930
1840-04-15,18.930
1840-05-15,18.930
1840-06-15,18.930
1840-07-15,18.930
1840-08-15,18.930
1840-09-15,18.930
1840-10-15,18.930
1840-11-15,18.930
1840-12-15,18.930
1841-01-15,18.930
1841-02-15,18.930
1841-03-15,18.930
1841-04-15,18.930
1841-05-15,18.930
1841-06-15,18.930
1841-07-15,18.930
1841-08-15,18.930
1841-09-15,18.930
1841-10-15,18.930
1841-11-15,18.930
1841-12-15,18.930
1842-01-15,18.930
1842-02-15,18.930
1842-03-15,18.930
1842-04-15,18.930
1842-05-15,18.930
1842-06-15,18.930
1842-07-15,18.930
1842-08-15,18.930
1842-09-15,18.930
1842-10-15,18.930
1842-11-15,18.930
1842-12-15,18.930
1843-01-15,18.930
1843-02-15,18.930
1843-03-15,18.930
1843-04-15,18.930
1843-05-15,18.930
1843-06-15,18.930
1843-07-15,18.930
1843-08-15,18.930
1843-09-15,18.930
1843-10-15,18.930
1843-11-15,18.930
1843-12-15,18.930
1844-01-15,18.930
1844-02-15,18.930
1844-03-15,18.930
1844-04-15,18.930
1844-05-15,18.930
1844-06-15,18.930
1844-07-15,18.930
1844-08-15,18.930
1844-09-15,18.930
1844-10-15,18.930
1844-11-15,18.930
1844-12-15,18.930
1845-01-15,18.930
1845-02-15,18.930
1845-03-15,18.930
1845-04-15,18.930
1845-05-15,18.930
1845-06-15,18.930
1845-07-15,18.930
1845-08-15,18.930
1845-09-15,18.930
1845-10-15,18.930
1845-11-15,18.930
1845-12-15,18.930
1846-01-15,18.930
1846-02-15,18.930
1846-03-15,18.930
1846-04-15,18.930
1846-05-15,18.930
1846-06-15,18.930
1846-07-15,18.930
1846-08-15,18.930
1846-09-15,18.930
1846-10-15,18.930
1846-11-15,18.930
1846-12-15,18.930
1847-01-15,18.930
1847-02-15,18.930
1847-03-15,18.930
1847-04-15,18.930
1847-05-15,18.930
1847-06-15,18.930
1847-07-15,18.930
1847-08-15,18.930
1847-09-15,18.930
1847-10-15,18.930
1847-11-15,18.930
1847-12-15,18.930
1848-01-15,18.930
1848-02-15,18.930
1848-03-15,18.930
1848-04-15,18.930
1848-05-15,18.930
1848-06-15,18.930
1848-07-15,18.930
1848-08-15,18.930
1848-09-15,18.930
1848-10-15,18.930
1848-11-15,18.930
1848-12-15,18.930
1849-01-15,18.930
1849-02-15,18.930
1849-03-15,18.930
1849-04-15,18.930
1849-05-15,18.930
1849-06-15,18.930
1849-07-15,18.930
1849-08-15,18.930
1849-09-15,18.930
1849-10-15,18.930
1849-11-15,18.930
1849-12-15,18.930
1850-01-15,18.930
1850-02-15,18.930
1850-03-15,18.930
1850-04-15,18.930
1850-05-15,18.930
1850-06-15,18.930
1850-07-15,18.930
1850-08-15,18.930
1850-09-15,18.930
1850-10-15,18.930
1850-11-15,18.930
1850-12-15,18.930
1851-01-15,18.930
1851-02-15,18.930
1851-03-15,18.930
1851-04-15,18.930
1851-05-15,18.930
1851-06-15,18.930
1851-07-15,18.930
1851-08-15,18.930
1851-09-15,18.930
1851-10-15,18.930
1851-11-15,18.930
1851-12-15,18.930
1852-01-15,18.930
1852-02-15,18.930
1852-03-15,18.930
1852-04-15,18.930
1852-05-15,18.930
1852-06-15,18.930
1852-07-15,18.930
1852-08-15,18.930
1852-09-15,18.930
1852-10-15,18.930
1852-11-15,18.930
1852-12-15,18.930
1853-01-15,18.930
1853-02-15,18.930
1853-03-15,18.930
1853-04-15,18.930
1853-05-15,18.930
1853-06-15,18.930
1853-07-15,18.930
1853-08-15,18.930
1853-09-15,18.930
1853-10-15,18.930
1853-11-15,18.930
1853-12-15,18.930
1854-01-15,18.930
1854-02-15,18.930
1854-03-15,18.930
1854-04-15,18.930
1854-05-15,18.930
1854-06-15,18.930
1854-07-15,18.930
1854-08-15,18.930
1854-09-15,18.930
1854-10-15,18.930
1854-11-15,18.930
1854-12-15,18.930
1855-01-15,18.930
1855-02-15,18.930
1855-03-15,18.930
1855-04-15,18.930
1855-05-15,18.930
1855-06-15,18.930
1855-07-15,18.930
1855-08-15,18.930
1855-09-15,18.930
1855-10-15,18.930
1855-11-15,18.930
1855-12-15,18.930
1856-01-15,18.930
1856-02-15,18.930
1856-03-15,18.930
1856-04-15,18.930
1856-05-15,18.930
1856-06-15,18.930
1856-07-15,18.930
1856-08-15,18.930
1856-09-15,18.930
1856-10-15,18.930
1856-11-15,18.930
1856-12-15,18.930
1857-01-15,18.930
1857-02-15,18.930
1857-03-15,18.930
1857-04-15,18.930
1857-05-15,18.930
1857-06-15,18.930
1857-07-15,18.930
1857-08-15,18.930
1857-09-15,18.930
1857-10-15,18.930
1857-11-15,18.930
1857-12-15,18.930
1858-01-15,18.930
1858-02-15,18.930
1858-03-15,18.930
1858-04-15,18.930
1858-05-15,18.930
1858-06-15,18.930
1858-07-15,18.930
1858-08-15,18.930
1858-09-15,18.930
1858-10-15,18.930
1858-11-15,18.930
1858-12-15,18.930
1859-01-15,18.930
1859-02-15,18.930
1859-03-15,18.930
1859-04-15,18.930
1859-05-15,18.930
1859-06-15,18.930
1859-07-15,18.930
1859-08-15,18.930
1859-09-15,18.930
1859-10-15,18.930
1859-11-15,18.930
1859-12-15,18.930
1860-01-15,18.930
1860-02-15,18.930
1860-03-15,18.930
1860-04-15,18.930
1860-05-15,18.930
1860-06-15,18.930
1860-07-15,18.930
1860-08-15,18.930
1860-09-15,18.930
1860-10-15,18.930
1860-11-15,18.930
1860-12-15,18.930
1861-01-15,18.930
1861-02-15,18.930
1861-03-15,18.930
1861-04-15,18.930
1861-05-15,18.930
1861-06-15,18.930
1861-07-15,18.930
1861-08-15,18.930
1861-09-15,18.930
1861-10-15,18.930
1861-11-15,18.930
1861-12-15,18.930
1862-01-15,18.930
1862-02-15,18.930
1862-03-15,18.930
1862-04-15,18.930
1862-05-15,18.930
1862-06-15,18.930
1862-07-15,18.930
1862-08-15,18.930
1862-09-15,18.930
1862-10-15,18.930
1862-11-15,18.930
1862-12-15,18.930
1863-01-15,18.930
1863-02-15,18.930
1863-03-15,18.930
1863-04-15,18.930
1863-05-15,18.930
1863-06-15,18.930
1863-07-15,18.930
1863-08-15,18.930
1863-09-15,18.930
1863-10-15,18.930
1863-11-15,18.930
1863-12-15,18.930
1864-01-15,18.930
1864-02-15,18.930
1864-03-15,18.930
1864-04-15,18.930
1864-05-15,18.930
1864-06-15,18.930
1864-07-15,18.930
1864-08-15,18.930
1864-09-15,18.930
1864-10-15,18.930
1864-11-15,18.930
1864-12-15,18.930
1865-01-15,18.930
1865-02-15,18.930
1865-03-15,18.930
1865-04-15,18.930
1865-05-15,18.930
1865-06-15,18.930
1865-07-15,18.930
1865-08-15,18.930
1865-09-15,18.930
1865-10-15,18.930
1865-11-15,18.930
1865-12-15,18.930
1866-01-15,18.930
1866-02-15,18.930
1866-03-15,18.930
1866-04-15,18.930
1866-05-15,18.930
1866-06-15,18.930
1866-07-15,18.930
1866-08-15,18.930
1866-09-15,18.930
1866-10-15,18.930
1866-11-15,18.930
1866-12-15,18.930
1867-01-15,18.930
1867-02-15,18.930
1867-03-15,18.930
1867-04-15,18.930
1867-05-15,18.930
1867-06-15,18.930
1867-07-15,18.930
1867-08-15,18.930
1867-09-15,18.930
1867-10-15,18.930
1867-11-15,18.930
1867-12-15,18.930
1868-01-15,18.930
1868-02-15,18.930
1868-03-15,18.930
1868-04-15,18.930
1868-05-15,18.930
1868-06-15,18.930
1868-07-15,18.930
1868-08-15,18.930
1868-09-15,18.930
1868-10-15,18.930
1868-11-15,18.930
1868-12-15,18.930
1869-01-15,18.930
1869-02-15,18.930
1869-03-15,18.930
1869-04-15,18.930
1869-05-15,18.930
1869-06-15,18.930
1869-07-15,18.930
1869-08-15,18.930
1869-09-15,18.930
1869-10-15,18.930
1869-11-15,18.930
1869-12-15,18.930
1870-01-15,18.930
1870-02-15,18.930
1870-03-15,18.930
1870-04-15,18.930
1870-05-15,18.930
1870-06-15,18.930
1870-07-15,18.930
1870-08-15,18.930
1870-09-15,18.930
1870-10-15,18.930
1870-11-15,18.930
1870-12-15,18.930
1871-01-15,18.930
1871-02-15,18.930
1871-03-15,18.930
1871-04-15,18.930
1871-05-15,18.930
1871-06-15,18.930
1871-07-15,18.930
1871-08-15,18.930
1871-09-15,18.930
1871-10-15,18.930
1871-11-15,18.930
1871-12-15,18.930
1872-01-15,18.940
1872-02-15,18.940
1872-03-15,18.940
1872-04-15,18.940
1872-05-15,18.940
1872-06-15,18.940
1872-07-15,18.940
1872-08-15,18.940
1872-09-15,18.940
1872-10-15,18.940
1872-11-15,18.940
1872-12-15,18.940
1873-01-15,18.940
1873-02-15,18.940
1873-03-15,18.940
1873-04-15,18.940
1873-05-15,18.940
1873-06-15,18.940
1873-07-15,18.940
1873-08-15,18.940
1873-09-15,18.940
1873-10-15,18.940
1873-11-15,18.940
1873-12-15,18.940
1874-01-15,18.940
1874-02-15,18.940
1874-03-15,18.940
1874-04-15,18.940
1874-05-15,18.940
1874-06-15,18.940
1874-07-15,18.940
1874-08-15,18.940
1874-09-15,18.940
1874-10-15,18.940
1874-11-15,18.940
1874-12-15,18.940
1875-01-15,18.940
1875-02-15,18.940
1875-03-15,18.940
1875-04-15,18.940
1875-05-15,18.940
1875-06-15,18.940
1875-07-15,18.940
1875-08-15,18.940
1875-09-15,18.940
1875-10-15,18.940
1875-11-15,18.940
1875-12-15,18.940
1876-01-15,18.940
1876-02-15,18.940
1876-03-15,18.940
1876-04-15,18.940
1876-05-15,18.940
1876-06-15,18.940
1876-07-15,18.940
1876-08-15,18.940
1876-09-15,18.940
1876-10-15,18.940
1876-11-15,18.940
1876-12-15,18.940
1877-01-15,18.940
1877-02-15,18.940
1877-03-15,18.940
1877-04-15,18.940
1877-05-15,18.940
1877-06-15,18.940
1877-07-15,18.940
1877-08-15,18.940
1877-09-15,18.940
1877-10-15,18.940
1877-11-15,18.940
1877-12-15,18.940
1878-01-15,18.940
1878-02-15,18.940
1878-03-15,18.940
1878-04-15,18.940
1878-05-15,18.940
1878-06-15,18.940
1878-07-15,18.940
1878-08-15,18.940
1878-09-15,18.940
1878-10-15,18.940
1878-11-15,18.940
1878-12-15,18.940
1879-01-15,18.940
1879-02-15,18.940
1879-03-15,18.940
1879-04-15,18.940
1879-05-15,18.940
1879-06-15,18.940
1879-07-15,18.940
1879-08-15,18.940
1879-09-15,18.940
1879-10-15,18.940
1879-11-15,18.940
1879-12-15,18.940
1880-01-15,18.940
1880-02-15,18.940
1880-03-15,18.940
1880-04-15,18.940
1880-05-15,18.940
1880-06-15,18.940
1880-07-15,18.940
1880-08-15,18.940
1880-09-15,18.940
1880-10-15,18.940
1880-11-15,18.940
1880-12-15,18.940
1881-01-15,18.940
1881-02-15,18.940
1881-03-15,18.940
1881-04-15,18.940
1881-05-15,18.940
1881-06-15,18.940
1881-07-15,18.940
1881-08-15,18.940
1881-09-15,18.940
1881-10-15,18.940
1881-11-15,18.940
1881-12-15,18.940
1882-01-15,18.940
1882-02-15,18.940
1882-03-15,18.940
1882-04-15,18.940
1882-05-15,18.940
1882-06-15,18.940
1882-07-15,18.940
1882-08-15,18.940
1882-09-15,18.940
1882-10-15,18.940
1882-11-15,18.940
1882-12-15,18.940
1883-01-15,18.940
1883-02-15,18.940
1883-03-15,18.940
1883-04-15,18.940
1883-05-15,18.940
1883-06-15,18.940
1883-07-15,18.940
1883-08-15,18.940
1883-09-15,18.940
1883-10-15,18.940
1883-11-15,18.940
1883-12-15,18.940
1884-01-15,18.940
1884-02-15,18.940
1884-03-15,18.940
1884-04-15,18.940
1884-05-15,18.940
1884-06-15,18.940
1884-07-15,18.940
1884-08-15,18.940
1884-09-15,18.940
1884-10-15,18.940
1884-11-15,18.940
1884-12-15,18.940
1885-01-15,18.940
1885-02-15,18.940
1885-03-15,18.940
1885-04-15,18.940
1885-05-15,18.940
1885-06-15,18.940
1885-07-15,18.940
1885-08-15,18.940
1885-09-15,18.940
1885-10-15,18.940
1885-11-15,18.940
1885-12-15,18.940
1886-01-15,18.940
1886-02-15,18.940
1886-03-15,18.940
1886-04-15,18.940
1886-05-15,18.940
1886-06-15,18.940
1886-07-15,18.940
1886-08-15,18.940
1886-09-15,18.940
1886-10-15,18.940
1886-11-15,18.940
1886-12-15,18.940
1887-01-15,18.940
1887-02-15,18.940
1887-03-15,18.940
1887-04-15,18.940
1887-05-15,18.940
1887-06-15,18.940
1887-07-15,18.940
1887-08-15,18.940
1887-09-15,18.940
1887-10-15,18.940
1887-11-15,18.940
1887-12-15,18.940
1888-01-15,18.940
1888-02-15,18.940
1888-03-15,18.940
1888-04-15,18.940
1888-05-15,18.940
1888-06-15,18.940
1888-07-15,18.940
1888-08-15,18.940
1888-09-15,18.940
1888-10-15,18.940
1888-11-15,18.940
1888-12-15,18.940
1889-01-15,18.930
1889-02-15,18.930
1889-03-15,18.930
1889-04-15,18.930
1889-05-15,18.930
1889-06-15,18.930
1889-07-15,18.930
1889-08-15,18.930
1889-09-15,18.930
1889-10-15,18.930
1889-11-15,18.930
1889-12-15,18.930
1890-01-15,18.940
1890-02-15,18.940
1890-03-15,18.940
1890-04-15,18.940
1890-05-15,18.940
1890-06-15,18.940
1890-07-15,18.940
1890-08-15,18.940
1890-09-15,18.940
1890-10-15,18.940
1890-11-15,18.940
1890-12-15,18.940
1891-01-15,18.960
1891-02-15,18.960
1891-03-15,18.960
1891-04-15,18.960
1891-05-15,18.960
1891-06-15,18.960
1891-07-15,18.960
1891-08-15,18.960
1891-09-15,18.960
1891-10-15,18.960
1891-11-15,18.960
1891-12-15,18.960
1892-01-15,18.960
1892-02-15,18.960
1892-03-15,18.960
1892-04-15,18.960
1892-05-15,18.960
1892-06-15,18.960
1892-07-15,18.960
1892-08-15,18.960
1892-09-15,18.960
1892-10-15,18.960
1892-11-15,18.960
1892-12-15,18.960
1893-01-15,18.960
1893-02-15,18.960
1893-03-15,18.960
1893-04-15,18.960
1893-05-15,18.960
1893-06-15,18.960
1893-07-15,18.960
1893-08-15,18.960
1893-09-15,18.960
1893-10-15,18.960
1893-11-15,18.960
1893-12-15,18.960
1894-01-15,18.940
1894-02-15,18.940
1894-03-15,18.940
1894-04-15,18.940
1894-05-15,18.940
1894-06-15,18.940
1894-07-15,18.940
1894-08-15,18.940
1894-09-15,18.940
1894-10-15,18.940
1894-11-15,18.940
1894-12-15,18.940
1895-01-15,18.930
1895-02-15,18.930
1895-03-15,18.930
1895-04-15,18.930
1895-05-15,18.930
1895-06-15,18.930
1895-07-15,18.930
1895-08-15,18.930
1895-09-15,18.930
1895-10-15,18.930
1895-11-15,18.930
1895-12-15,18.930
1896-01-15,18.980
1896-02-15,18.980
1896-03-15,18.980
1896-04-15,18.980
1896-05-15,18.980
1896-06-15,18.980
1896-07-15,18.980
1896-08-15,18.980
1896-09-15,18.980
1896-10-15,18.980
1896-11-15,18.980
1896-12-15,18.980
1897-01-15,18.980
1897-02-15,18.980
1897-03-15,18.980
1897-04-15,18.980
1897-05-15,18.980
1897-06-15,18.980
1897-07-15,18.980
1897-08-15,18.980
1897-09-15,18.980
1897-10-15,18.980
1897-11-15,18.980
1897-12-15,18.980
1898-01-15,18.980
1898-02-15,18.980
1898-03-15,18.980
1898-04-15,18.980
1898-05-15,18.980
1898-06-15,18.980
1898-07-15,18.980
1898-08-15,18.980
1898-09-15,18.980
1898-10-15,18.980
1898-11-15,18.980
1898-12-15,18.980
1899-01-15,18.940
1899-02-15,18.940
1899-03-15,18.940
1899-04-15,18.940
1899-05-15,18.940
1899-06-15,18.940
1899-07-15,18.940
1899-08-15,18.940
1899-09-15,18.940
1899-10-15,18.940
1899-11-15,18.940
1899-12-15,18.940
1900-01-15,18.960
1900-02-15,18.960
1900-03-15,18.960
1900-04-15,18.960
1900-05-15,18.960
1900-06-15,18.960
1900-07-15,18.960
1900-08-15,18.960
1900-09-15,18.960
1900-10-15,18.960
1900-11-15,18.960
1900-12-15,18.960
1901-01-15,18.980
1901-02-15,18.980
1901-03-15,18.980
1901-04-15,18.980
1901-05-15,18.980
1901-06-15,18.980
1901-07-15,18.980
1901-08-15,18.980
1901-09-15,18.980
1901-10-15,18.980
1901-11-15,18.980
1901-12-15,18.980
1902-01-15,18.970
1902-02-15,18.970
1902-03-15,18.970
1902-04-15,18.970
1902-05-15,18.970
1902-06-15,18.970
1902-07-15,18.970
1902-08-15,18.970
1902-09-15,18.970
1902-10-15,18.970
1902-11-15,18.970
1902-12-15,18.970
1903-01-15,18.950
1903-02-15,18.950
1903-03-15,18.950
1903-04-15,18.950
1903-05-15,18.950
1903-06-15,18.950
1903-07-15,18.950
1903-08-15,18.950
1903-09-15,18.950
1903-10-15,18.950
1903-11-15,18.950
1903-12-15,18.950
1904-01-15,18.960
1904-02-15,18.960
1904-03-15,18.960
1904-04-15,18.960
1904-05-15,18.960
1904-06-15,18.960
1904-07-15,18.960
1904-08-15,18.960
1904-09-15,18.960
1904-10-15,18.960
1904-11-15,18.960
1904-12-15,18.960
1905-01-15,18.920
1905-02-15,18.920
1905-03-15,18.920
1905-04-15,18.920
1905-05-15,18.920
1905-06-15,18.920
1905-07-15,18.920
1905-08-15,18.920
1905-09-15,18.920
1905-10-15,18.920
1905-11-15,18.920
1905-12-15,18.920
1906-01-15,18.900
1906-02-15,18.900
1906-03-15,18.900
1906-04-15,18.900
1906-05-15,18.900
1906-06-15,18.900
1906-07-15,18.900
1906-08-15,18.900
1906-09-15,18.900
1906-10-15,18.900
1906-11-15,18.900
1906-12-15,18.900
1907-01-15,18.940
1907-02-15,18.940
1907-03-15,18.940
1907-04-15,18.940
1907-05-15,18.940
1907-06-15,18.940
1907-07-15,18.940
1907-08-15,18.940
1907-09-15,18.940
1907-10-15,18.940
1907-11-15,18.940
1907-12-15,18.940
1908-01-15,18.950
1908-02-15,18.950
1908-03-15,18.950
1908-04-15,18.950
1908-05-15,18.950
1908-06-15,18.950
1908-07-15,18.950
1908-08-15,18.950
1908-09-15,18.950
1908-10-15,18.950
1908-11-15,18.950
1908-12-15,18.950
1909-01-15,18.960
1909-02-15,18.960
1909-03-15,18.960
1909-04-15,18.960
1909-05-15,18.960
1909-06-15,18.960
1909-07-15,18.960
1909-08-15,18.960
1909-09-15,18.960
1909-10-15,18.960
1909-11-15,18.960
1909-12-15,18.960
1910-01-15,18.920
1910-02-15,18.920
1910-03-15,18.920
1910-04-15,18.920
1910-05-15,18.920
1910-06-15,18.920
1910-07-15,18.920
1910-08-15,18.920
1910-09-15,18.920
1910-10-15,18.920
1910-11-15,18.920
1910-12-15,18.920
1911-01-15,18.920
1911-02-15,18.920
1911-03-15,18.920
1911-04-15,18.920
1911-05-15,18.920
1911-06-15,18.920
1911-07-15,18.920
1911-08-15,18.920
1911-09-15,18.920
1911-10-15,18.920
1911-11-15,18.920
1911-12-15,18.920
1912-01-15,18.930
1912-02-15,18.930
1912-03-15,18.930
1912-04-15,18.930
1912-05-15,18.930
1912-06-15,18.930
1912-07-15,18.930
1912-08-15,18.930
1912-09-15,18.930
1912-10-15,18.930
1912-11-15,18.930
1912-12-15,18.930
1913-01-15,18.920
1913-02-15,18.920
1913-03-15,18.920
1913-04-15,18.920
1913-05-15,18.920
1913-06-15,18.920
1913-07-15,18.920
1913-08-15,18.920
1913-09-15,18.920
1913-10-15,18.920
1913-11-15,18.920
1913-12-15,18.920
1914-01-15,18.990
1914-02-15,18.990
1914-03-15,18.990
1914-04-15,18.990
1914-05-15,18.990
1914-06-15,18.990
1914-07-15,18.990
1914-08-15,18.990
1914-09-15,18.990
1914-10-15,18.990
1914-11-15,18.990
1914-12-15,18.990
1915-01-15,18.990
1915-02-15,18.990
1915-03-15,18.990
1915-04-15,18.990
1915-05-15,18.990
1915-06-15,18.990
1915-07-15,18.990
1915-08-15,18.990
1915-09-15,18.990
1915-10-15,18.990
1915-11-15,18.990
1915-12-15,18.990
1916-01-15,18.990
1916-02-15,18.990
1916-03-15,18.990
1916-04-15,18.990
1916-05-15,18.990
1916-06-15,18.990
1916-07-15,18.990
1916-08-15,18.990
1916-09-15,18.990
1916-10-15,18.990
1916-11-15,18.990
1916-12-15,18.990
1917-01-15,18.990
1917-02-15,18.990
1917-03-15,18.990
1917-04-15,18.990
1917-05-15,18.990
1917-06-15,18.990
1917-07-15,18.990
1917-08-15,18.990
1917-09-15,18.990
1917-10-15,18.990
1917-11-15,18.990
1917-12-15,18.990
1918-01-15,18.990
1918-02-15,18.990
1918-03-15,18.990
1918-04-15,18.990
1918-05-15,18.990
1918-06-15,18.990
1918-07-15,18.990
1918-08-15,18.990
1918-09-15,18.990
1918-10-15,18.990
1918-11-15,18.990
1918-12-15,18.990
1919-01-15,19.950
1919-02-15,19.950
1919-03-15,19.950
1919-04-15,19.950
1919-05-15,19.950
1919-06-15,19.950
1919-07-15,19.950
1919-08-15,19.950
1919-09-15,19.950
1919-10-15,19.950
1919-11-15,19.950
1919-12-15,19.950
1920-01-15,20.680
1920-02-15,20.680
1920-03-15,20.680
1920-04-15,20.680
1920-05-15,20.680
1920-06-15,20.680
1920-07-15,20.680
1920-08-15,20.680
1920-09-15,20.680
1920-10-15,20.680
1920-11-15,20.680
1920-12-15,20.680
1921-01-15,20.580
1921-02-15,20.580
1921-03-15,20.580
1921-04-15,20.580
1921-05-15,20.580
1921-06-15,20.580
1921-07-15,20.580
1921-08-15,20.580
1921-09-15,20.580
1921-10-15,20.580
1921-11-15,20.580
1921-12-15,20.580
1922-01-15,20.660
1922-02-15,20.660
1922-03-15,20.660
1922-04-15,20.660
1922-05-15,20.660
1922-06-15,20.660
1922-07-15,20.660
1922-08-15,20.660
1922-09-15,20.660
1922-10-15,20.660
1922-11-15,20.660
1922-12-15,20.660
1923-01-15,21.320
1923-02-15,21.320
1923-03-15,21.320
1923-04-15,21.320
1923-05-15,21.320
1923-06-15,21.320
1923-07-15,21.320
1923-08-15,21.320
1923-09-15,21.320
1923-10-15,21.320
1923-11-15,21.320
1923-12-15,21.320
1924-01-15,20.690
1924-02-15,20.690
1924-03-15,20.690
1924-04-15,20.690
1924-05-15,20.690
1924-06-15,20.690
1924-07-15,20.690
1924-08-15,20.690
1924-09-15,20.690
1924-10-15,20.690
1924-11-15,20.690
1924-12-15,20.690
1925-01-15,20.640
1925-02-15,20.640
1925-03-15,20.640
1925-04-15,20.640
1925-05-15,20.640
1925-06-15,20.640
1925-07-15,20.640
1925-08-15,20.640
1925-09-15,20.640
1925-10-15,20.640
1925-11-15,20.640
1925-12-15,20.640
1926-01-15,20.630
1926-02-15,20.630
1926-03-15,20.630
1926-04-15,20.630
1926-05-15,20.630
1926-06-15,20.630
1926-07-15,20.630
1926-08-15,20.630
1926-09-15,20.630
1926-10-15,20.630
1926-11-15,20.630
1926-12-15,20.630
1927-01-15,20.640
1927-02-15,20.640
1927-03-15,20.640
1927-04-15,20.640
1927-05-15,20.640
1927-06-15,20.640
1927-07-15,20.640
1927-08-15,20.640
1927-09-15,20.640
1927-10-15,20.640
1927-11-15,20.640
1927-12-15,20.640
1928-01-15,20.660
1928-02-15,20.660
1928-03-15,20.660
1928-04-15,20.660
1928-05-15,20.660
1928-06-15,20.660
1928-07-15,20.660
1928-08-15,20.660
1928-09-15,20.660
1928-10-15,20.660
1928-11-15,20.660
1928-12-15,20.660
1929-01-15,20.630
1929-02-15,20.630
1929-03-15,20.630
1929-04-15,20.630
1929-05-15,20.630
1929-06-15,20.630
1929-07-15,20.630
1929-08-15,20.630
1929-09-15,20.630
1929-10-15,20.630
1929-11-15,20.630
1929-12-15,20.630
1930-01-15,20.650
1930-02-15,20.650
1930-03-15,20.650
1930-04-15,20.650
1930-05-15,20.650
1930-06-15,20.650
1930-07-15,20.650
1930-08-15,20.650
1930-09-15,20.650
1930-10-15,20.650
1930-11-15,20.650
1930-12-15,20.650
1931-01-15,17.060
1931-02-15,17.060
1931-03-15,17.060
1931-04-15,17.060
1931-05-15,17.060
1931-06-15,17.060
1931-07-15,17.060
1931-08-15,17.060
1931-09-15,17.060
1931-10-15,17.060
1931-11-15,17.060
1931-12-15,17.060
1932-01-15,20.690
1932-02-15,20.690
1932-03-15,20.690
1932-04-15,20.690
1932-05-15,20.690
1932-06-15,20.690
1932-07-15,20.690
1932-08-15,20.690
1932-09-15,20.690
1932-10-15,20.690
1932-11-15,20.690
1932-12-15,20.690
1933-01-15,26.330
1933-02-15,26.330
1933-03-15,26.330
1933-04-15,26.330
1933-05-15,26.330
1933-06-15,26.330
1933-07-15,26.330
1933-08-15,26.330
1933-09-15,26.330
1933-10-15,26.330
1933-11-15,26.330
1933-12-15,26.330
1934-01-15,34.690
1934-02-15,34.690
1934-03-15,34.690
1934-04-15,34.690
1934-05-15,34.690
1934-06-15,34.690
1934-07-15,34.690
1934-08-15,34.690
1934-09-15,34.690
1934-10-15,34.690
1934-11-15,34.690
1934-12-15,34.690
1935-01-15,34.840
1935-02-15,34.840
1935-03-15,34.840
1935-04-15,34.840
1935-05-15,34.840
1935-06-15,34.840
1935-07-15,34.840
1935-08-15,34.840
1935-09-15,34.840
1935-10-15,34.840
1935-11-15,34.840
1935-12-15,34.840
1936-01-15,34.870
1936-02-15,34.870
1936-03-15,34.870
1936-04-15,34.870
1936-05-15,34.870
1936-06-15,34.870
1936-07-15,34.870
1936-08-15,34.870
1936-09-15,34.870
1936-10-15,34.870
1936-11-15,34.870
1936-12-15,34.870
1937-01-15,34.790
1937-02-15,34.790
1937-03-15,34.790
1937-04-15,34.790
1937-05-15,34.790
1937-06-15,34.790
1937-07-15,34.790
1937-08-15,34.790
1937-09-15,34.790
1937-10-15,34.790
1937-11-15,34.790
1937-12-15,34.790
1938-01-15,34.850
1938-02-15,34.850
1938-03-15,34.850
1938-04-15,34.850
1938-05-15,34.850
1938-06-15,34.850
1938-07-15,34.850
1938-08-15,34.850
1938-09-15,34.850
1938-10-15,34.850
1938-11-15,34.850
1938-12-15,34.850
1939-01-15,34.420
1939-02-15,34.420
1939-03-15,34.420
1939-04-15,34.420
1939-05-15,34.420
1939-06-15,34.420
1939-07-15,34.420
1939-08-15,34.420
1939-09-15,34.420
1939-10-15,34.420
1939-11-15,34.420
1939-12-15,34.420
1940-01-15,33.850
1940-02-15,33.850
1940-03-15,33.850
1940-04-15,33.850
1940-05-15,33.850
1940-06-15,33.850
1940-07-15,33.850
1940-08-15,33.850
1940-09-15,33.850
1940-10-15,33.850
1940-11-15,33.850
1940-12-15,33.850
1941-01-15,33.850
1941-02-15,33.850
1941-03-15,33.850
1941-04-15,33.850
1941-05-15,33.850
1941-06-15,33.850
1941-07-15,33.850
1941-08-15,33.850
1941-09-15,33.850
1941-10-15,33.850
1941-11-15,33.850
1941-12-15,33.850
1942-01-15,33.850
1942-02-15,33.850
1942-03-15,33.850
1942-04-15,33.850
1942-05-15,33.850
1942-06-15,33.850
1942-07-15,33.850
1942-08-15,33.850
1942-09-15,33.850
1942-10-15,33.850
1942-11-15,33.850
1942-12-15,33.850
1943-01-15,33.850
1943-02-15,33.850
1943-03-15,33.850
1943-04-15,33.850
1943-05-15,33.850
1943-06-15,33.850
1943-07-15,33.850
1943-08-15,33.850
1943-09-15,33.850
1943-10-15,33.850
1943-11-15,33.850
1943-12-15,33.850
1944-01-15,33.850
1944-02-15,33.850
1944-03-15,33.850
1944-04-15,33.850
1944-05-15,33.850
1944-06-15,33.850
1944-07-15,33.850
1944-08-15,33.850
1944-09-15,33.850
1944-10-15,33.850
1944-11-15,33.850
1944-12-15,33.850
1945-01-15,34.710
1945-02-15,34.710
1945-03-15,34.710
1945-04-15,34.710
1945-05-15,34.710
1945-06-15,34.710
1945-07-15,34.710
1945-08-15,34.710
1945-09-15,34.710
1945-10-15,34.710
1945-11-15,34.710
1945-12-15,34.710
1946-01-15,34.710
1946-02-15,34.710
1946-03-15,34.710
1946-04-15,34.710
1946-05-15,34.710
1946-06-15,34.710
1946-07-15,34.710
1946-08-15,34.710
1946-09-15,34.710
1946-10-15,34.710
1946-11-15,34.710
1946-12-15,34.710
1947-01-15,34.710
1947-02-15,34.710
1947-03-15,34.710
1947-04-15,34.710
1947-05-15,34.710
1947-06-15,34.710
1947-07-15,34.710
1947-08-15,34.710
1947-09-15,34.710
1947-10-15,34.710
1947-11-15,34.710
1947-12-15,34.710
1948-01-15,34.710
1948-02-15,34.710
1948-03-15,34.710
1948-04-15,34.710
1948-05-15,34.710
1948-06-15,34.710
1948-07-15,34.710
1948-08-15,34.710
1948-09-15,34.710
1948-10-15,34.710
1948-11-15,34.710
1948-12-15,34.710
1949-01-15,31.690
1949-02-15,31.690
1949-03-15,31.690
1949-04-15,31.690
1949-05-15,31.690
1949-06-15,31.690
1949-07-15,31.690
1949-08-15,31.690
1949-09-15,31.690
1949-10-15,31.690
1949-11-15,31.690
1949-12-15,31.690
1950-01-15,34.720
1950-02-15,34.720
1950-03-15,34.720
1950-04-15,34.720
1950-05-15,34.720
1950-06-15,34.720
1950-07-15,34.720
1950-08-15,34.720
1950-09-15,34.720
1950-10-15,34.720
1950-11-15,34.720
1950-12-15,34.720
1951-01-15,34.720
1951-02-15,34.720
1951-03-15,34.720
1951-04-15,34.720
1951-05-15,34.720
1951-06-15,34.720
1951-07-15,34.720
1951-08-15,34.720
1951-09-15,34.720
1951-10-15,34.720
1951-11-15,34.720
1951-12-15,34.720
1952-01-15,34.600
1952-02-15,34.600
1952-03-15,34.600
1952-04-15,34.600
1952-05-15,34.600
1952-06-15,34.600
1952-07-15,34.600
1952-08-15,34.600
1952-09-15,34.600
1952-10-15,34.600
1952-11-15,34.600
1952-12-15,34.600
1953-01-15,34.840
1953-02-15,34.840
1953-03-15,34.840
1953-04-15,34.840
1953-05-15,34.840
1953-06-15,34.840
1953-07-15,34.840
1953-08-15,34.840
1953-09-15,34.840
1953-10-15,34.840
1953-11-15,34.840
1953-12-15,34.840
1954-01-15,35.040
1954-02-15,35.040
1954-03-15,35.040
1954-04-15,35.040
1954-05-15,35.040
1954-06-15,35.040
1954-07-15,35.040
1954-08-15,35.040
1954-09-15,35.040
1954-10-15,35.040
1954-11-15,35.040
1954-12-15,35.040
1955-01-15,35.030
1955-02-15,35.030
1955-03-15,35.030
1955-04-15,35.030
1955-05-15,35.030
1955-06-15,35.030
1955-07-15,35.030
1955-08-15,35.030
1955-09-15,35.030
1955-10-15,35.030
1955-11-15,35.030
1955-12-15,35.030
1956-01-15,34.990
1956-02-15,34.990
1956-03-15,34.990
1956-04-15,34.990
1956-05-15,34.990
1956-06-15,34.990
1956-07-15,34.990
1956-08-15,34.990
1956-09-15,34.990
1956-10-15,34.990
1956-11-15,34.990
1956-12-15,34.990
1957-01-15,34.950
1957-02-15,34.950
1957-03-15,34.950
1957-04-15,34.950
1957-05-15,34.950
1957-06-15,34.950
1957-07-15,34.950
1957-08-15,34.950
1957-09-15,34.950
1957-10-15,34.950
1957-11-15,34.950
1957-12-15,34.950
1958-01-15,35.100
1958-02-15,35.100
1958-03-15,35.100
1958-04-15,35.100
1958-05-15,35.100
1958-06-15,35.100
1958-07-15,35.100
1958-08-15,35.100
1958-09-15,35.100
1958-10-15,35.100
1958-11-15,35.100
1958-12-15,35.100
1959-01-15,35.100
1959-02-15,35.100
1959-03-15,35.100
1959-04-15,35.100
1959-05-15,35.100
1959-06-15,35.100
1959-07-15,35.100
1959-08-15,35.100
1959-09-15,35.100
1959-10-15,35.100
1959-11-15,35.100
1959-12-15,35.100
1960-01-15,35.270
1960-02-15,35.270
1960-03-15,35.270
1960-04-15,35.270
1960-05-15,35.270
1960-06-15,35.270
1960-07-15,35.270
1960-08-15,35.270
1960-09-15,35.270
1960-10-15,35.270
1960-11-15,35.270
1960-12-15,35.270
1961-01-15,35.250
1961-02-15,35.250
1961-03-15,35.250
1961-04-15,35.250
1961-05-15,35.250
1961-06-15,35.250
1961-07-15,35.250
1961-08-15,35.250
1961-09-15,35.250
1961-10-15,35.250
1961-11-15,35.250
1961-12-15,35.250
1962-01-15,35.230
1962-02-15,35.230
1962-03-15,35.230
1962-04-15,35.230
1962-05-15,35.230
1962-06-15,35.230
1962-07-15,35.230
1962-08-15,35.230
1962-09-15,35.230
1962-10-15,35.230
1962-11-15,35.230
1962-12-15,35.230
1963-01-15,35.090
1963-02-15,35.090
1963-03-15,35.090
1963-04-15,35.090
1963-05-15,35.090
1963-06-15,35.090
1963-07-15,35.090
1963-08-15,35.090
1963-09-15,35.090
1963-10-15,35.090
1963-11-15,35.090
1963-12-15,35.090
1964-01-15,35.100
1964-02-15,35.100
1964-03-15,35.100
1964-04-15,35.100
1964-05-15,35.100
1964-06-15,35.100
1964-07-15,35.100
1964-08-15,35.100
1964-09-15,35.100
1964-10-15,35.100
1964-11-15,35.100
1964-12-15,35.100
1965-01-15,35.120
1965-02-15,35.120
1965-03-15,35.120
1965-04-15,35.120
1965-05-15,35.120
1965-06-15,35.120
1965-07-15,35.120
1965-08-15,35.120
1965-09-15,35.120
1965-10-15,35.120
1965-11-15,35.120
1965-12-15,35.120
1966-01-15,35.130
1966-02-15,35.130
1966-03-15,35.130
1966-04-15,35.130
1966-05-15,35.130
1966-06-15,35.130
1966-07-15,35.130
1966-08-15,35.130
1966-09-15,35.130
1966-10-15,35.130
1966-11-15,35.130
1966-12-15,35.130
1967-01-15,34.950
1967-02-15,34.950
1967-03-15,34.950
1967-04-15,34.950
1967-05-15,34.950
1967-06-15,34.950
1967-07-15,34.950
1967-08-15,34.950
1967-09-15,34.950
1967-10-15,34.950
1967-11-15,34.950
1967-12-15,34.950
1968-01-15,35.500
1968-02-15,36.000
1968-03-15,37.000
1968-04-15,37.860
1968-05-15,40.700
1968-06-15,41.140
1968-07-15,39.460
1968-08-15,39.190
1968-09-15,40.180
1968-10-15,39.210
1968-11-15,39.780
1968-12-15,41.080
1969-01-15,42.300
1969-02-15,42.600
1969-03-15,43.160
1969-04-15,43.310
1969-05-15,43.460
1969-06-15,41.440
1969-07-15,41.760
1969-08-15,41.090
1969-09-15,40.870
1969-10-15,40.440
1969-11-15,37.400
1969-12-15,35.170
1970-01-15,34.940
1970-02-15,34.990
1970-03-15,35.090
1970-04-15,35.620
1970-05-15,35.950
1970-06-15,35.420
1970-07-15,35.320
1970-08-15,35.380
1970-09-15,36.190
1970-10-15,37.520
1970-11-15,37.440
1970-12-15,37.440
1971-01-15,37.880
1971-02-15,38.740
1971-03-15,38.870
1971-04-15,39.010
1971-05-15,40.520
1971-06-15,40.100
1971-07-15,40.950
1971-08-15,42.710
1971-09-15,42.030
1971-10-15,42.500
1971-11-15,42.860
1971-12-15,43.480
1972-01-15,45.750
1972-02-15,48.260
1972-03-15,48.330
1972-04-15,49.030
1972-05-15,54.620
1972-06-15,62.090
1972-07-15,65.660
1972-08-15,67.030
1972-09-15,65.460
1972-10-15,64.860
1972-11-15,62.910
1972-12-15,63.910
1973-01-15,65.140
1973-02-15,74.200
1973-03-15,84.370
1973-04-15,90.500
1973-05-15,101.960
1973-06-15,120.120
1973-07-15,120.170
1973-08-15,106.760
1973-09-15,102.970
1973-10-15,100.080
1973-11-15,94.920
1973-12-15,106.720
1974-01-15,129.190
1974-02-15,150.130
1974-03-15,168.420
1974-04-15,172.240
1974-05-15,163.270
1974-06-15,154.100
1974-07-15,142.980
1974-08-15,154.640
1974-09-15,151.750
1974-10-15,158.780
1974-11-15,181.660
1974-12-15,183.780
1975-01-15,176.270
1975-02-15,179.600
1975-03-15,178.160
1975-04-15,169.840
1975-05-15,167.390
1975-06-15,164.240
1975-07-15,165.170
1975-08-15,163.000
1975-09-15,144.170
1975-10-15,142.790
1975-11-15,142.420
1975-12-15,139.300
1976-01-15,131.050
1976-02-15,131.060
1976-03-15,132.760
1976-04-15,127.940
1976-05-15,126.920
1976-06-15,125.710
1976-07-15,117.730
1976-08-15,109.930
1976-09-15,114.150
1976-10-15,116.150
1976-11-15,130.460
1976-12-15,133.930
1977-01-15,132.260
1977-02-15,136.240
1977-03-15,148.230
1977-04-15,149.170
1977-05-15,146.610
1977-06-15,140.780
1977-07-15,143.390
1977-08-15,144.940
1977-09-15,149.530
1977-10-15,158.950
1977-11-15,162.100
1977-12-15,160.450
1978-01-15,173.180
1978-02-15,178.140
1978-03-15,183.610
1978-04-15,175.280
1978-05-15,176.310
1978-06-15,183.750
1978-07-15,188.730
1978-08-15,206.300
1978-09-15,212.080
1978-10-15,227.440
1978-11-15,206.200
1978-12-15,207.850
1979-01-15,227.280
1979-02-15,245.670
1979-03-15,242.050
1979-04-15,239.110
1979-05-15,257.590
1979-06-15,279.070
1979-07-15,294.740
1979-08-15,300.820
1979-09-15,354.950
1979-10-15,391.660
1979-11-15,391.990
1979-12-15,455.080
1980-01-15,675.310
1980-02-15,665.320
1980-03-15,553.580
1980-04-15,517.410
1980-05-15,513.800
1980-06-15,600.720
1980-07-15,643.270
1980-08-15,627.150
1980-09-15,673.630
1980-10-15,661.150
1980-11-15,624.770
1980-12-15,538.260
1981-01-15,557.390
1981-02-15,499.760
1981-03-15,499.110
1981-04-15,495.800
1981-05-15,479.700
1981-06-15,461.090
1981-07-15,409.070
1981-08-15,410.160
1981-09-15,443.750
1981-10-15,437.760
1981-11-15,413.370
1981-12-15,410.090
1982-01-15,384.140
1982-02-15,374.130
1982-03-15,330.250
1982-04-15,350.300
1982-05-15,333.710
1982-06-15,314.980
1982-07-15,338.970
1982-08-15,364.230
1982-09-15,437.310
1982-10-15,422.150
1982-11-15,414.890
1982-12-15,444.500
1983-01-15,481.290
1983-02-15,491.090
1983-03-15,419.700
1983-04-15,432.880
1983-05-15,438.010
1983-06-15,412.840
1983-07-15,402.910
1983-08-15,416.200
1983-09-15,411.800
1983-10-15,393.600
1983-11-15,381.700
1983-12-15,388.340
1984-01-15,370.890
1984-02-15,385.960
1984-03-15,394.260
1984-04-15,381.370
1984-05-15,377.400
1984-06-15,377.700
1984-07-15,347.710
1984-08-15,347.700
1984-09-15,340.200
1984-10-15,341.000
1984-11-15,342.000
1984-12-15,319.540
1985-01-15,302.790
1985-02-15,299.100
1985-03-15,313.500
1985-04-15,326.800
1985-05-15,316.000
1985-06-15,316.500
1985-07-15,317.200
1985-08-15,330.400
1985-09-15,323.350
1985-10-15,325.850
1985-11-15,321.500
1985-12-15,321.900
1986-01-15,347.480
1986-02-15,338.890
1986-03-15,345.700
1986-04-15,340.440
1986-05-15,342.400
1986-06-15,342.700
1986-07-15,348.340
1986-08-15,376.660
1986-09-15,417.730
1986-10-15,423.510
1986-11-15,397.560
1986-12-15,390.920
1987-01-15,408.260
1987-02-15,401.120
1987-03-15,408.910
1987-04-15,438.350
1987-05-15,460.230
1987-06-15,449.590
1987-07-15,450.520
1987-08-15,461.150
1987-09-15,460.380
1987-10-15,465.350
1987-11-15,467.570
1987-12-15,486.240
1988-01-15,476.580
1988-02-15,442.070
1988-03-15,443.610
1988-04-15,451.550
1988-05-15,451.070
1988-06-15,451.330
1988-07-15,437.630
1988-08-15,431.280
1988-09-15,413.460
1988-10-15,406.780
1988-11-15,420.170
1988-12-15,419.050
1989-01-15,404.010
1989-02-15,387.510
1989-03-15,390.150
1989-04-15,384.400
1989-05-15,371.050
1989-06-15,367.600
1989-07-15,375.040
1989-08-15,365.140
1989-09-15,361.750
1989-10-15,366.880
1989-11-15,394.260
1989-12-15,409.390
1990-01-15,410.110
1990-02-15,416.810
1990-03-15,393.060
1990-04-15,374.240
1990-05-15,369.050
1990-06-15,352.330
1990-07-15,362.530
1990-08-15,394.730
1990-09-15,389.320
1990-10-15,380.740
1990-11-15,381.730
1990-12-15,376.950
1991-01-15,383.640
1991-02-15,363.830
1991-03-15,363.340
1991-04-15,358.380
1991-05-15,356.950
1991-06-15,366.720
1991-07-15,367.690
1991-08-15,356.310
1991-09-15,348.740
1991-10-15,358.690
1991-11-15,360.170
1991-12-15,361.730
1992-01-15,354.450
1992-02-15,353.910
1992-03-15,344.340
1992-04-15,338.620
1992-05-15,337.240
1992-06-15,340.810
1992-07-15,352.720
1992-08-15,343.060
1992-09-15,345.430
1992-10-15,344.380
1992-11-15,335.020
1992-12-15,334.820
1993-01-15,329.010
1993-02-15,329.310
1993-03-15,330.080
1993-04-15,342.150
1993-05-15,367.180
1993-06-15,371.890
1993-07-15,392.190
1993-08-15,378.840
1993-09-15,355.280
1993-10-15,364.180
1993-11-15,373.830
1993-12-15,383.300
1994-01-15,386.880
1994-02-15,381.910
1994-03-15,384.130
1994-04-15,377.270
1994-05-15,381.430
1994-06-15,385.640
1994-07-15,385.490
1994-08-15,380.360
1994-09-15,391.580
1994-10-15,389.770
1994-11-15,384.390
1994-12-15,379.290
1995-01-15,378.550
1995-02-15,376.640
1995-03-15,382.120
1995-04-15,391.030
1995-05-15,385.220
1995-06-15,387.560
1995-07-15,386.230
1995-08-15,383.670
1995-09-15,383.060
1995-10-15,383.140
1995-11-15,385.310
1995-12-15,387.440
1996-01-15,399.450
1996-02-15,404.760
1996-03-15,396.210
1996-04-15,392.850
1996-05-15,391.930
1996-06-15,385.270
1996-07-15,383.470
1996-08-15,387.350
1996-09-15,383.140
1996-10-15,381.070
1996-11-15,377.850
1996-12-15,369.000
1997-01-15,355.110
1997-02-15,346.580
1997-03-15,351.810
1997-04-15,344.470
1997-05-15,343.840
1997-06-15,340.760
1997-07-15,324.100
1997-08-15,324.010
1997-09-15,322.820
1997-10-15,324.870
1997-11-15,306.040
1997-12-15,288.740
1998-01-15,289.100
1998-02-15,297.490
1998-03-15,295.940
1998-04-15,308.290
1998-05-15,299.100
1998-06-15,292.320
1998-07-15,292.870
1998-08-15,284.110
1998-09-15,288.980
1998-10-15,295.930
1998-11-15,294.120
1998-12-15,291.680
1999-01-15,287.080
1999-02-15,287.330
1999-03-15,285.960
1999-04-15,282.620
1999-05-15,276.440
1999-06-15,261.310
1999-07-15,256.080
1999-08-15,256.690
1999-09-15,264.740
1999-10-15,310.720
1999-11-15,293.180
1999-12-15,283.070
2000-01-15,284.320
2000-02-15,299.860
2000-03-15,286.390
2000-04-15,279.690
2000-05-15,275.190
2000-06-15,285.730
2000-07-15,281.590
2000-08-15,274.470
2000-09-15,273.680
2000-10-15,270.000
2000-11-15,266.010
2000-12-15,271.450
2001-01-15,265.490
2001-02-15,261.870
2001-03-15,263.030
2001-04-15,260.480
2001-05-15,272.360
2001-06-15,270.230
2001-07-15,267.530
2001-08-15,272.390
2001-09-15,283.420
2001-10-15,283.060
2001-11-15,276.160
2001-12-15,275.850
2002-01-15,281.510
2002-02-15,295.500
2002-03-15,294.060
2002-04-15,302.680
2002-05-15,314.490
2002-06-15,321.180
2002-07-15,313.290
2002-08-15,310.260
2002-09-15,319.140
2002-10-15,316.560
2002-11-15,319.070
2002-12-15,331.920
2003-01-15,356.859
2003-02-15,358.970
2003-03-15,340.550
2003-04-15,328.180
2003-05-15,355.683
2003-06-15,356.352
2003-07-15,351.020
2003-08-15,359.768
2003-09-15,378.945
2003-10-15,378.920
2003-11-15,389.910
2003-12-15,406.953
2004-01-15,413.788
2004-02-15,404.878
2004-03-15,406.667
2004-04-15,403.260
2004-05-15,383.779
2004-06-15,392.373
2004-07-15,398.091
2004-08-15,400.510
2004-09-15,405.275
2004-10-15,420.464
2004-11-15,439.375
2004-12-15,442.079
2005-01-15,424.030
2005-02-15,423.350
2005-03-15,433.850
2005-04-15,429.233
2005-05-15,421.873
2005-06-15,430.657
2005-07-15,424.479
2005-08-15,437.930
2005-09-15,456.048
2005-10-15,469.898
2005-11-15,476.666
2005-12-15,510.097
2006-01-15,549.864
2006-02-15,554.995
2006-03-15,557.093
2006-04-15,610.653
2006-05-15,675.393
2006-06-15,596.145
2006-07-15,633.710
2006-08-15,632.593
2006-09-15,598.186
2006-10-15,585.780
2006-11-15,627.827
2006-12-15,629.791
2007-01-15,631.166
2007-02-15,664.745
2007-03-15,654.895
2007-04-15,679.368
2007-05-15,667.310
2007-06-15,655.660
2007-07-15,665.380
2007-08-15,665.411
2007-09-15,712.653
2007-10-15,754.604
2007-11-15,806.248
2007-12-15,803.203
2008-01-15,889.595
2008-02-15,922.298
2008-03-15,968.434
2008-04-15,909.705
2008-05-15,888.663
2008-06-15,889.488
2008-07-15,939.772
2008-08-15,839.025
2008-09-15,829.932
2008-10-15,806.620
2008-11-15,760.863
2008-12-15,816.092
2009-01-15,858.690
2009-02-15,943.000
2009-03-15,924.273
2009-04-15,890.200
2009-05-15,928.645
2009-06-15,945.670
2009-07-15,934.228
2009-08-15,949.375
2009-09-15,996.591
2009-10-15,1043.159
2009-11-15,1127.036
2009-12-15,1134.724
2010-01-15,1117.963
2010-02-15,1095.413
2010-03-15,1113.337
2010-04-15,1148.688
2010-05-15,1205.434
2010-06-15,1232.920
2010-07-15,1192.966
2010-08-15,1215.810
2010-09-15,1270.977
2010-10-15,1342.024
2010-11-15,1369.886
2010-12-15,1390.553
2011-01-15,1360.460
2011-02-15,1374.680
2011-03-15,1423.260
2011-04-15,1480.890
2011-05-15,1512.580
2011-06-15,1529.360
2011-07-15,1572.750
2011-08-15,1759.010
2011-09-15,1772.140
2011-10-15,1666.430
2011-11-15,1739.000
2011-12-15,1639.970
2012-01-15,1654.050
2012-02-15,1744.820
2012-03-15,1675.950
2012-04-15,1649.200
2012-05-15,1589.040
2012-06-15,1598.760
2012-07-15,1594.290
2012-08-15,1630.310
2012-09-15,1744.810
2012-10-15,1746.580
2012-11-15,1721.640
2012-12-15,1684.762
2013-01-15,1671.848
2013-02-15,1627.570
2013-03-15,1593.086
2013-04-15,1487.857
2013-05-15,1414.027
2013-06-15,1343.350
2013-07-15,1285.516
2013-08-15,1351.742
2013-09-15,1348.600
2013-10-15,1316.580
2013-11-15,1275.860
2013-12-15,1221.512
2014-01-15,1244.270
2014-02-15,1299.580
2014-03-15,1336.080
2014-04-15,1298.450
2014-05-15,1288.740
2014-06-15,1279.100
2014-07-15,1310.590
2014-08-15,1295.130
2014-09-15,1236.550
2014-10-15,1222.490
2014-11-15,1175.330
2014-12-15,1200.620
2015-01-15,1250.750
2015-02-15,1227.080
2015-03-15,1178.630
2015-04-15,1198.930
2015-05-15,1198.630
2015-06-15,1181.500
2015-07-15,1128.310
2015-08-15,1117.930
2015-09-15,1124.770
2015-10-15,1159.250
2015-11-15,1086.440
2015-12-15,1075.740
2016-01-15,1097.910
2016-02-15,1199.500
2016-03-15,1245.140
2016-04-15,1242.260
2016-05-15,1260.950
2016-06-15,1276.400
2016-07-15,1336.660
2016-08-15,1340.170
2016-09-15,1326.610
2016-10-15,1266.550
2016-11-15,1238.350
2016-12-15,1157.360
2017-01-15,1192.100
2017-02-15,1234.200
2017-03-15,1231.420
2017-04-15,1266.880
2017-05-15,1246.040
2017-06-15,1260.260
2017-07-15,1236.840
2017-08-15,1283.040
2017-09-15,1314.070
2017-10-15,1279.510
2017-11-15,1281.900
2017-12-15,1264.450
2018-01-15,1331.300
2018-02-15,1330.730
2018-03-15,1324.660
2018-04-15,1334.760
2018-05-15,1303.450
2018-06-15,1281.570
2018-07-15,1237.710
2018-08-15,1201.710
2018-09-15,1198.390
2018-10-15,1215.390
2018-11-15,1220.650
2018-12-15,1250.400
2019-01-15,1291.750
2019-02-15,1320.070
2019-03-15,1300.900
2019-04-15,1285.910
2019-05-15,1283.700
2019-06-15,1359.040
2019-07-15,1412.890
2019-08-15,1500.410
2019-09-15,1510.580
2019-10-15,1494.810
2019-11-15,1470.790
2019-12-15,1479.130
2020-01-15,1560.670
2020-02-15,1597.100
2020-03-15,1591.930
2020-04-15,1683.170
2020-05-15,1715.910
2020-06-15,1732.220
2020-07-15,1846.510
2020-08-15,1968.630
2020-09-15,1921.920
2020-10-15,1900.270
2020-11-15,1866.300
2020-12-15,1858.420
2021-01-15,1866.980
2021-02-15,1808.170
2021-03-15,1718.230
2021-04-15,1760.040
2021-05-15,1850.260
2021-06-15,1834.570
2021-07-15,1807.840
2021-08-15,1785.280
2021-09-15,1775.140
2021-10-15,1776.850
2021-11-15,1821.760
2021-12-15,1790.430
2022-01-15,1816.020
2022-02-15,1856.300
2022-03-15,1947.830
2022-04-15,1936.860
2022-05-15,1848.500
2022-06-15,1836.570
2022-07-15,1732.740
2022-08-15,1764.560
2022-09-15,1680.780
2022-10-15,1664.450
2022-11-15,1725.070
2022-12-15,1797.550
2023-01-15,1897.710
2023-02-15,1854.540
2023-03-15,1912.730
2023-04-15,1999.770
2023-05-15,1992.130
2023-06-15,1942.900
2023-07-15,1951.020
2023-08-15,1918.700
2023-09-15,1915.950
2023-10-15,1916.250
2023-11-15,1984.110
2023-12-15,2026.180
2024-01-15,2034.040
2024-02-15,2023.240
2024-03-15,2158.010
2024-04-15,2331.450
2024-05-15,2351.130
2024-06-15,2326.440
2024-07-15,2398.200
2024-08-15,2470.150
2024-09-15,2570.550
2024-10-15,2690.080
2024-11-15,2651.130
2024-12-15,2648.010
2025-01-15,2709.690
2025-02-15,2894.730
2025-03-15,2983.250
2025-04-15,3217.640
2025-05-15,3309.490
2025-06-15,3352.660
2025-07-15,3340.150
2025-08-15,3368.030
2025-09-15,3667.680
2025-10-15,4058.330
2025-11-15,4087.190
2025-12-15,4309.230
2026-01-15,4752.750
2026-02-15,5019.970
2026-03-15,4855.540
